<?xml version="1.0" encoding="UTF-8"?>
<transformation>
  <info>
    <name>FullCoverageTestCaseSalesMappingToReconciledSchema</name>
    <description/>
    <extended_description/>
    <trans_version/>
    <trans_type>Normal</trans_type>
    <trans_status>0</trans_status>
    <directory>/</directory>
    <parameters>
    </parameters>
    <log>
      <trans-log-table>
        <connection/>
        <schema/>
        <table/>
        <size_limit_lines/>
        <interval/>
        <timeout_days/>
        <field>
          <id>ID_BATCH</id>
          <enabled>Y</enabled>
          <name>ID_BATCH</name>
        </field>
        <field>
          <id>CHANNEL_ID</id>
          <enabled>Y</enabled>
          <name>CHANNEL_ID</name>
        </field>
        <field>
          <id>TRANSNAME</id>
          <enabled>Y</enabled>
          <name>TRANSNAME</name>
        </field>
        <field>
          <id>STATUS</id>
          <enabled>Y</enabled>
          <name>STATUS</name>
        </field>
        <field>
          <id>LINES_READ</id>
          <enabled>Y</enabled>
          <name>LINES_READ</name>
          <subject/>
        </field>
        <field>
          <id>LINES_WRITTEN</id>
          <enabled>Y</enabled>
          <name>LINES_WRITTEN</name>
          <subject/>
        </field>
        <field>
          <id>LINES_UPDATED</id>
          <enabled>Y</enabled>
          <name>LINES_UPDATED</name>
          <subject/>
        </field>
        <field>
          <id>LINES_INPUT</id>
          <enabled>Y</enabled>
          <name>LINES_INPUT</name>
          <subject/>
        </field>
        <field>
          <id>LINES_OUTPUT</id>
          <enabled>Y</enabled>
          <name>LINES_OUTPUT</name>
          <subject/>
        </field>
        <field>
          <id>LINES_REJECTED</id>
          <enabled>Y</enabled>
          <name>LINES_REJECTED</name>
          <subject/>
        </field>
        <field>
          <id>ERRORS</id>
          <enabled>Y</enabled>
          <name>ERRORS</name>
        </field>
        <field>
          <id>STARTDATE</id>
          <enabled>Y</enabled>
          <name>STARTDATE</name>
        </field>
        <field>
          <id>ENDDATE</id>
          <enabled>Y</enabled>
          <name>ENDDATE</name>
        </field>
        <field>
          <id>LOGDATE</id>
          <enabled>Y</enabled>
          <name>LOGDATE</name>
        </field>
        <field>
          <id>DEPDATE</id>
          <enabled>Y</enabled>
          <name>DEPDATE</name>
        </field>
        <field>
          <id>REPLAYDATE</id>
          <enabled>Y</enabled>
          <name>REPLAYDATE</name>
        </field>
        <field>
          <id>LOG_FIELD</id>
          <enabled>Y</enabled>
          <name>LOG_FIELD</name>
        </field>
        <field>
          <id>EXECUTING_SERVER</id>
          <enabled>N</enabled>
          <name>EXECUTING_SERVER</name>
        </field>
        <field>
          <id>EXECUTING_USER</id>
          <enabled>N</enabled>
          <name>EXECUTING_USER</name>
        </field>
        <field>
          <id>CLIENT</id>
          <enabled>N</enabled>
          <name>CLIENT</name>
        </field>
      </trans-log-table>
      <perf-log-table>
        <connection/>
        <schema/>
        <table/>
        <interval/>
        <timeout_days/>
        <field>
          <id>ID_BATCH</id>
          <enabled>Y</enabled>
          <name>ID_BATCH</name>
        </field>
        <field>
          <id>SEQ_NR</id>
          <enabled>Y</enabled>
          <name>SEQ_NR</name>
        </field>
        <field>
          <id>LOGDATE</id>
          <enabled>Y</enabled>
          <name>LOGDATE</name>
        </field>
        <field>
          <id>TRANSNAME</id>
          <enabled>Y</enabled>
          <name>TRANSNAME</name>
        </field>
        <field>
          <id>STEPNAME</id>
          <enabled>Y</enabled>
          <name>STEPNAME</name>
        </field>
        <field>
          <id>STEP_COPY</id>
          <enabled>Y</enabled>
          <name>STEP_COPY</name>
        </field>
        <field>
          <id>LINES_READ</id>
          <enabled>Y</enabled>
          <name>LINES_READ</name>
        </field>
        <field>
          <id>LINES_WRITTEN</id>
          <enabled>Y</enabled>
          <name>LINES_WRITTEN</name>
        </field>
        <field>
          <id>LINES_UPDATED</id>
          <enabled>Y</enabled>
          <name>LINES_UPDATED</name>
        </field>
        <field>
          <id>LINES_INPUT</id>
          <enabled>Y</enabled>
          <name>LINES_INPUT</name>
        </field>
        <field>
          <id>LINES_OUTPUT</id>
          <enabled>Y</enabled>
          <name>LINES_OUTPUT</name>
        </field>
        <field>
          <id>LINES_REJECTED</id>
          <enabled>Y</enabled>
          <name>LINES_REJECTED</name>
        </field>
        <field>
          <id>ERRORS</id>
          <enabled>Y</enabled>
          <name>ERRORS</name>
        </field>
        <field>
          <id>INPUT_BUFFER_ROWS</id>
          <enabled>Y</enabled>
          <name>INPUT_BUFFER_ROWS</name>
        </field>
        <field>
          <id>OUTPUT_BUFFER_ROWS</id>
          <enabled>Y</enabled>
          <name>OUTPUT_BUFFER_ROWS</name>
        </field>
      </perf-log-table>
      <channel-log-table>
        <connection/>
        <schema/>
        <table/>
        <timeout_days/>
        <field>
          <id>ID_BATCH</id>
          <enabled>Y</enabled>
          <name>ID_BATCH</name>
        </field>
        <field>
          <id>CHANNEL_ID</id>
          <enabled>Y</enabled>
          <name>CHANNEL_ID</name>
        </field>
        <field>
          <id>LOG_DATE</id>
          <enabled>Y</enabled>
          <name>LOG_DATE</name>
        </field>
        <field>
          <id>LOGGING_OBJECT_TYPE</id>
          <enabled>Y</enabled>
          <name>LOGGING_OBJECT_TYPE</name>
        </field>
        <field>
          <id>OBJECT_NAME</id>
          <enabled>Y</enabled>
          <name>OBJECT_NAME</name>
        </field>
        <field>
          <id>OBJECT_COPY</id>
          <enabled>Y</enabled>
          <name>OBJECT_COPY</name>
        </field>
        <field>
          <id>REPOSITORY_DIRECTORY</id>
          <enabled>Y</enabled>
          <name>REPOSITORY_DIRECTORY</name>
        </field>
        <field>
          <id>FILENAME</id>
          <enabled>Y</enabled>
          <name>FILENAME</name>
        </field>
        <field>
          <id>OBJECT_ID</id>
          <enabled>Y</enabled>
          <name>OBJECT_ID</name>
        </field>
        <field>
          <id>OBJECT_REVISION</id>
          <enabled>Y</enabled>
          <name>OBJECT_REVISION</name>
        </field>
        <field>
          <id>PARENT_CHANNEL_ID</id>
          <enabled>Y</enabled>
          <name>PARENT_CHANNEL_ID</name>
        </field>
        <field>
          <id>ROOT_CHANNEL_ID</id>
          <enabled>Y</enabled>
          <name>ROOT_CHANNEL_ID</name>
        </field>
      </channel-log-table>
      <step-log-table>
        <connection/>
        <schema/>
        <table/>
        <timeout_days/>
        <field>
          <id>ID_BATCH</id>
          <enabled>Y</enabled>
          <name>ID_BATCH</name>
        </field>
        <field>
          <id>CHANNEL_ID</id>
          <enabled>Y</enabled>
          <name>CHANNEL_ID</name>
        </field>
        <field>
          <id>LOG_DATE</id>
          <enabled>Y</enabled>
          <name>LOG_DATE</name>
        </field>
        <field>
          <id>TRANSNAME</id>
          <enabled>Y</enabled>
          <name>TRANSNAME</name>
        </field>
        <field>
          <id>STEPNAME</id>
          <enabled>Y</enabled>
          <name>STEPNAME</name>
        </field>
        <field>
          <id>STEP_COPY</id>
          <enabled>Y</enabled>
          <name>STEP_COPY</name>
        </field>
        <field>
          <id>LINES_READ</id>
          <enabled>Y</enabled>
          <name>LINES_READ</name>
        </field>
        <field>
          <id>LINES_WRITTEN</id>
          <enabled>Y</enabled>
          <name>LINES_WRITTEN</name>
        </field>
        <field>
          <id>LINES_UPDATED</id>
          <enabled>Y</enabled>
          <name>LINES_UPDATED</name>
        </field>
        <field>
          <id>LINES_INPUT</id>
          <enabled>Y</enabled>
          <name>LINES_INPUT</name>
        </field>
        <field>
          <id>LINES_OUTPUT</id>
          <enabled>Y</enabled>
          <name>LINES_OUTPUT</name>
        </field>
        <field>
          <id>LINES_REJECTED</id>
          <enabled>Y</enabled>
          <name>LINES_REJECTED</name>
        </field>
        <field>
          <id>ERRORS</id>
          <enabled>Y</enabled>
          <name>ERRORS</name>
        </field>
        <field>
          <id>LOG_FIELD</id>
          <enabled>N</enabled>
          <name>LOG_FIELD</name>
        </field>
      </step-log-table>
      <metrics-log-table>
        <connection/>
        <schema/>
        <table/>
        <timeout_days/>
        <field>
          <id>ID_BATCH</id>
          <enabled>Y</enabled>
          <name>ID_BATCH</name>
        </field>
        <field>
          <id>CHANNEL_ID</id>
          <enabled>Y</enabled>
          <name>CHANNEL_ID</name>
        </field>
        <field>
          <id>LOG_DATE</id>
          <enabled>Y</enabled>
          <name>LOG_DATE</name>
        </field>
        <field>
          <id>METRICS_DATE</id>
          <enabled>Y</enabled>
          <name>METRICS_DATE</name>
        </field>
        <field>
          <id>METRICS_CODE</id>
          <enabled>Y</enabled>
          <name>METRICS_CODE</name>
        </field>
        <field>
          <id>METRICS_DESCRIPTION</id>
          <enabled>Y</enabled>
          <name>METRICS_DESCRIPTION</name>
        </field>
        <field>
          <id>METRICS_SUBJECT</id>
          <enabled>Y</enabled>
          <name>METRICS_SUBJECT</name>
        </field>
        <field>
          <id>METRICS_TYPE</id>
          <enabled>Y</enabled>
          <name>METRICS_TYPE</name>
        </field>
        <field>
          <id>METRICS_VALUE</id>
          <enabled>Y</enabled>
          <name>METRICS_VALUE</name>
        </field>
      </metrics-log-table>
    </log>
    <maxdate>
      <connection/>
      <table/>
      <field/>
      <offset>0.0</offset>
      <maxdiff>0.0</maxdiff>
    </maxdate>
    <size_rowset>10000</size_rowset>
    <sleep_time_empty>50</sleep_time_empty>
    <sleep_time_full>50</sleep_time_full>
    <unique_connections>N</unique_connections>
    <feedback_shown>Y</feedback_shown>
    <feedback_size>50000</feedback_size>
    <using_thread_priorities>Y</using_thread_priorities>
    <shared_objects_file/>
    <capture_step_performance>N</capture_step_performance>
    <step_performance_capturing_delay>1000</step_performance_capturing_delay>
    <step_performance_capturing_size_limit>100</step_performance_capturing_size_limit>
    <dependencies>
    </dependencies>
    <partitionschemas>
    </partitionschemas>
    <slaveservers>
    </slaveservers>
    <clusterschemas>
    </clusterschemas>
    <created_user>-</created_user>
    <created_date>2018/07/01 09:47:43.692</created_date>
    <modified_user>-</modified_user>
    <modified_date>2018/07/01 09:47:43.692</modified_date>
    <key_for_session_key>H4sIAAAAAAAAAAMAAAAAAAAAAAA=</key_for_session_key>
    <is_key_private>N</is_key_private>
  </info>
  <notepads>
  </notepads>
  <connection>
    <name>hr</name>
    <server>localhost</server>
    <type>MYSQL</type>
    <access>Native</access>
    <database>hr</database>
    <port>3306</port>
    <username>root</username>
    <password>Encrypted 2be98afc86aa7f2e48f18a077db80fb88</password>
    <servername/>
    <data_tablespace/>
    <index_tablespace/>
    <attributes>
      <attribute>
        <code>FORCE_IDENTIFIERS_TO_LOWERCASE</code>
        <attribute>N</attribute>
      </attribute>
      <attribute>
        <code>FORCE_IDENTIFIERS_TO_UPPERCASE</code>
        <attribute>N</attribute>
      </attribute>
      <attribute>
        <code>IS_CLUSTERED</code>
        <attribute>N</attribute>
      </attribute>
      <attribute>
        <code>PORT_NUMBER</code>
        <attribute>3306</attribute>
      </attribute>
      <attribute>
        <code>PRESERVE_RESERVED_WORD_CASE</code>
        <attribute>Y</attribute>
      </attribute>
      <attribute>
        <code>QUOTE_ALL_FIELDS</code>
        <attribute>N</attribute>
      </attribute>
      <attribute>
        <code>STREAM_RESULTS</code>
        <attribute>Y</attribute>
      </attribute>
      <attribute>
        <code>SUPPORTS_BOOLEAN_DATA_TYPE</code>
        <attribute>Y</attribute>
      </attribute>
      <attribute>
        <code>SUPPORTS_TIMESTAMP_DATA_TYPE</code>
        <attribute>Y</attribute>
      </attribute>
      <attribute>
        <code>USE_POOLING</code>
        <attribute>N</attribute>
      </attribute>
    </attributes>
  </connection>
  <connection>
    <name>IceCreamSchema</name>
    <server>localhost</server>
    <type>MYSQL</type>
    <access>Native</access>
    <database>icecream</database>
    <port>3306</port>
    <username>root</username>
    <password>Encrypted 2be98afc86aa7f2e48f18a077db80fb88</password>
    <servername/>
    <data_tablespace/>
    <index_tablespace/>
    <attributes>
      <attribute>
        <code>EXTRA_OPTION_MYSQL.defaultFetchSize</code>
        <attribute>500</attribute>
      </attribute>
      <attribute>
        <code>EXTRA_OPTION_MYSQL.useCursorFetch</code>
        <attribute>true</attribute>
      </attribute>
      <attribute>
        <code>FORCE_IDENTIFIERS_TO_LOWERCASE</code>
        <attribute>N</attribute>
      </attribute>
      <attribute>
        <code>FORCE_IDENTIFIERS_TO_UPPERCASE</code>
        <attribute>N</attribute>
      </attribute>
      <attribute>
        <code>IS_CLUSTERED</code>
        <attribute>N</attribute>
      </attribute>
      <attribute>
        <code>PORT_NUMBER</code>
        <attribute>3306</attribute>
      </attribute>
      <attribute>
        <code>PRESERVE_RESERVED_WORD_CASE</code>
        <attribute>Y</attribute>
      </attribute>
      <attribute>
        <code>QUOTE_ALL_FIELDS</code>
        <attribute>N</attribute>
      </attribute>
      <attribute>
        <code>STREAM_RESULTS</code>
        <attribute>Y</attribute>
      </attribute>
      <attribute>
        <code>SUPPORTS_BOOLEAN_DATA_TYPE</code>
        <attribute>Y</attribute>
      </attribute>
      <attribute>
        <code>SUPPORTS_TIMESTAMP_DATA_TYPE</code>
        <attribute>Y</attribute>
      </attribute>
      <attribute>
        <code>USE_POOLING</code>
        <attribute>N</attribute>
      </attribute>
    </attributes>
  </connection>
  <connection>
    <name>reconciled.storeinspection</name>
    <server>localhost</server>
    <type>MYSQL</type>
    <access>Native</access>
    <database>reconciled</database>
    <port>3306</port>
    <username>root</username>
    <password>Encrypted 2be98afc86aa7f2e48f18a077db80fb88</password>
    <servername/>
    <data_tablespace/>
    <index_tablespace/>
    <attributes>
      <attribute>
        <code>FORCE_IDENTIFIERS_TO_LOWERCASE</code>
        <attribute>N</attribute>
      </attribute>
      <attribute>
        <code>FORCE_IDENTIFIERS_TO_UPPERCASE</code>
        <attribute>N</attribute>
      </attribute>
      <attribute>
        <code>IS_CLUSTERED</code>
        <attribute>N</attribute>
      </attribute>
      <attribute>
        <code>PORT_NUMBER</code>
        <attribute>3306</attribute>
      </attribute>
      <attribute>
        <code>PRESERVE_RESERVED_WORD_CASE</code>
        <attribute>Y</attribute>
      </attribute>
      <attribute>
        <code>QUOTE_ALL_FIELDS</code>
        <attribute>N</attribute>
      </attribute>
      <attribute>
        <code>STREAM_RESULTS</code>
        <attribute>Y</attribute>
      </attribute>
      <attribute>
        <code>SUPPORTS_BOOLEAN_DATA_TYPE</code>
        <attribute>Y</attribute>
      </attribute>
      <attribute>
        <code>SUPPORTS_TIMESTAMP_DATA_TYPE</code>
        <attribute>Y</attribute>
      </attribute>
      <attribute>
        <code>USE_POOLING</code>
        <attribute>N</attribute>
      </attribute>
    </attributes>
  </connection>
  <connection>
    <name>Reconciled.Weather</name>
    <server>localhost</server>
    <type>MYSQL</type>
    <access>Native</access>
    <database>Reconciled</database>
    <port>3306</port>
    <username>root</username>
    <password>Encrypted 2be98afc86aa7f2e48f18a077db80fb88</password>
    <servername/>
    <data_tablespace/>
    <index_tablespace/>
    <attributes>
      <attribute>
        <code>EXTRA_OPTION_MYSQL.defaultFetchSize</code>
        <attribute>500</attribute>
      </attribute>
      <attribute>
        <code>EXTRA_OPTION_MYSQL.useCursorFetch</code>
        <attribute>true</attribute>
      </attribute>
      <attribute>
        <code>FORCE_IDENTIFIERS_TO_LOWERCASE</code>
        <attribute>N</attribute>
      </attribute>
      <attribute>
        <code>FORCE_IDENTIFIERS_TO_UPPERCASE</code>
        <attribute>N</attribute>
      </attribute>
      <attribute>
        <code>IS_CLUSTERED</code>
        <attribute>N</attribute>
      </attribute>
      <attribute>
        <code>PORT_NUMBER</code>
        <attribute>3306</attribute>
      </attribute>
      <attribute>
        <code>PRESERVE_RESERVED_WORD_CASE</code>
        <attribute>Y</attribute>
      </attribute>
      <attribute>
        <code>QUOTE_ALL_FIELDS</code>
        <attribute>N</attribute>
      </attribute>
      <attribute>
        <code>STREAM_RESULTS</code>
        <attribute>Y</attribute>
      </attribute>
      <attribute>
        <code>SUPPORTS_BOOLEAN_DATA_TYPE</code>
        <attribute>Y</attribute>
      </attribute>
      <attribute>
        <code>SUPPORTS_TIMESTAMP_DATA_TYPE</code>
        <attribute>Y</attribute>
      </attribute>
      <attribute>
        <code>USE_POOLING</code>
        <attribute>N</attribute>
      </attribute>
    </attributes>
  </connection>
  <connection>
    <name>ReconciledSchema</name>
    <server>localhost</server>
    <type>MYSQL</type>
    <access>Native</access>
    <database>reconciled</database>
    <port>3306</port>
    <username>root</username>
    <password>Encrypted 2be98afc86aa7f2e48f18a077db80fb88</password>
    <servername/>
    <data_tablespace/>
    <index_tablespace/>
    <attributes>
      <attribute>
        <code>EXTRA_OPTION_MYSQL.defaultFetchSize</code>
        <attribute>500</attribute>
      </attribute>
      <attribute>
        <code>EXTRA_OPTION_MYSQL.useCursorFetch</code>
        <attribute>true</attribute>
      </attribute>
      <attribute>
        <code>FORCE_IDENTIFIERS_TO_LOWERCASE</code>
        <attribute>N</attribute>
      </attribute>
      <attribute>
        <code>FORCE_IDENTIFIERS_TO_UPPERCASE</code>
        <attribute>N</attribute>
      </attribute>
      <attribute>
        <code>IS_CLUSTERED</code>
        <attribute>N</attribute>
      </attribute>
      <attribute>
        <code>PORT_NUMBER</code>
        <attribute>3306</attribute>
      </attribute>
      <attribute>
        <code>PRESERVE_RESERVED_WORD_CASE</code>
        <attribute>Y</attribute>
      </attribute>
      <attribute>
        <code>QUOTE_ALL_FIELDS</code>
        <attribute>N</attribute>
      </attribute>
      <attribute>
        <code>STREAM_RESULTS</code>
        <attribute>N</attribute>
      </attribute>
      <attribute>
        <code>SUPPORTS_BOOLEAN_DATA_TYPE</code>
        <attribute>Y</attribute>
      </attribute>
      <attribute>
        <code>SUPPORTS_TIMESTAMP_DATA_TYPE</code>
        <attribute>Y</attribute>
      </attribute>
      <attribute>
        <code>USE_POOLING</code>
        <attribute>N</attribute>
      </attribute>
    </attributes>
  </connection>
  <connection>
    <name>storeinspection</name>
    <server>localhost</server>
    <type>MYSQL</type>
    <access>Native</access>
    <database>storeinspection</database>
    <port>3306</port>
    <username>root</username>
    <password>Encrypted 2be98afc86aa7f2e48f18a077db80fb88</password>
    <servername/>
    <data_tablespace/>
    <index_tablespace/>
    <attributes>
      <attribute>
        <code>FORCE_IDENTIFIERS_TO_LOWERCASE</code>
        <attribute>N</attribute>
      </attribute>
      <attribute>
        <code>FORCE_IDENTIFIERS_TO_UPPERCASE</code>
        <attribute>N</attribute>
      </attribute>
      <attribute>
        <code>IS_CLUSTERED</code>
        <attribute>N</attribute>
      </attribute>
      <attribute>
        <code>PORT_NUMBER</code>
        <attribute>3306</attribute>
      </attribute>
      <attribute>
        <code>PRESERVE_RESERVED_WORD_CASE</code>
        <attribute>Y</attribute>
      </attribute>
      <attribute>
        <code>QUOTE_ALL_FIELDS</code>
        <attribute>N</attribute>
      </attribute>
      <attribute>
        <code>STREAM_RESULTS</code>
        <attribute>Y</attribute>
      </attribute>
      <attribute>
        <code>SUPPORTS_BOOLEAN_DATA_TYPE</code>
        <attribute>Y</attribute>
      </attribute>
      <attribute>
        <code>SUPPORTS_TIMESTAMP_DATA_TYPE</code>
        <attribute>Y</attribute>
      </attribute>
      <attribute>
        <code>USE_POOLING</code>
        <attribute>N</attribute>
      </attribute>
    </attributes>
  </connection>
  <connection>
    <name>Weather</name>
    <server>localhost</server>
    <type>MYSQL</type>
    <access>Native</access>
    <database>Weather</database>
    <port>3306</port>
    <username>root</username>
    <password>Encrypted 2be98afc86aa7f2e48f18a077db80fb88</password>
    <servername/>
    <data_tablespace/>
    <index_tablespace/>
    <attributes>
      <attribute>
        <code>EXTRA_OPTION_MYSQL.defaultFetchSize</code>
        <attribute>500</attribute>
      </attribute>
      <attribute>
        <code>EXTRA_OPTION_MYSQL.useCursorFetch</code>
        <attribute>true</attribute>
      </attribute>
      <attribute>
        <code>FORCE_IDENTIFIERS_TO_LOWERCASE</code>
        <attribute>N</attribute>
      </attribute>
      <attribute>
        <code>FORCE_IDENTIFIERS_TO_UPPERCASE</code>
        <attribute>N</attribute>
      </attribute>
      <attribute>
        <code>IS_CLUSTERED</code>
        <attribute>N</attribute>
      </attribute>
      <attribute>
        <code>PORT_NUMBER</code>
        <attribute>3306</attribute>
      </attribute>
      <attribute>
        <code>PRESERVE_RESERVED_WORD_CASE</code>
        <attribute>Y</attribute>
      </attribute>
      <attribute>
        <code>QUOTE_ALL_FIELDS</code>
        <attribute>N</attribute>
      </attribute>
      <attribute>
        <code>STREAM_RESULTS</code>
        <attribute>Y</attribute>
      </attribute>
      <attribute>
        <code>SUPPORTS_BOOLEAN_DATA_TYPE</code>
        <attribute>Y</attribute>
      </attribute>
      <attribute>
        <code>SUPPORTS_TIMESTAMP_DATA_TYPE</code>
        <attribute>Y</attribute>
      </attribute>
      <attribute>
        <code>USE_POOLING</code>
        <attribute>N</attribute>
      </attribute>
    </attributes>
  </connection>
  <order>
    <hop>
      <from>Reconciled.Mapping</from>
      <to>Reconciled.Sale</to>
      <enabled>Y</enabled>
    </hop>
    <hop>
      <from>IceCreamMapping</from>
      <to>Reconciled.IceCream</to>
      <enabled>Y</enabled>
    </hop>
    <hop>
      <from>WeatherMapping</from>
      <to>Split Weather Text</to>
      <enabled>Y</enabled>
    </hop>
    <hop>
      <from>Split Weather Text</from>
      <to>Reconciled.Weather</to>
      <enabled>Y</enabled>
    </hop>
    <hop>
      <from>storeinspection.storeinspection</from>
      <to>Merge Join</to>
      <enabled>Y</enabled>
    </hop>
    <hop>
      <from>hr.employee</from>
      <to>Merge Join</to>
      <enabled>Y</enabled>
    </hop>
    <hop>
      <from>Merge Join</from>
      <to>Table output</to>
      <enabled>Y</enabled>
    </hop>
  </order>
  <step>
    <name>IceCreamMapping</name>
    <type>TableInput</type>
    <description/>
    <distribute>Y</distribute>
    <custom_distribution/>
    <copies>1</copies>
    <partitioning>
      <method>none</method>
      <schema_name/>
    </partitioning>
    <connection>IceCreamSchema</connection>
    <sql>select flavor, container, SKU from icecream inner join flavor on icecream.flavorid = flavor.flavorid inner join container on icecream.containerid = container.containerid</sql>
    <limit>0</limit>
    <lookup/>
    <execute_each_row>N</execute_each_row>
    <variables_active>N</variables_active>
    <lazy_conversion_active>N</lazy_conversion_active>
    <cluster_schema/>
    <remotesteps>
      <input>
      </input>
      <output>
      </output>
    </remotesteps>
    <GUI>
      <xloc>80</xloc>
      <yloc>160</yloc>
      <draw>Y</draw>
    </GUI>
  </step>
  <step>
    <name>Merge Join</name>
    <type>MergeJoin</type>
    <description/>
    <distribute>Y</distribute>
    <custom_distribution/>
    <copies>1</copies>
    <partitioning>
      <method>none</method>
      <schema_name/>
    </partitioning>
    <join_type>INNER</join_type>
    <step1>storeinspection.storeinspection</step1>
    <step2>hr.employee</step2>
    <keys_1>
      <key>EmployeeNumber</key>
    </keys_1>
    <keys_2>
      <key>EmployeeNumber</key>
    </keys_2>
    <cluster_schema/>
    <remotesteps>
      <input>
      </input>
      <output>
      </output>
    </remotesteps>
    <GUI>
      <xloc>304</xloc>
      <yloc>496</yloc>
      <draw>Y</draw>
    </GUI>
  </step>
  <step>
    <name>Reconciled.IceCream</name>
    <type>TableOutput</type>
    <description/>
    <distribute>Y</distribute>
    <custom_distribution/>
    <copies>1</copies>
    <partitioning>
      <method>none</method>
      <schema_name/>
    </partitioning>
    <connection>ReconciledSchema</connection>
    <schema/>
    <table>icecream</table>
    <commit>1000</commit>
    <truncate>N</truncate>
    <ignore_errors>N</ignore_errors>
    <use_batch>Y</use_batch>
    <specify_fields>Y</specify_fields>
    <partitioning_enabled>N</partitioning_enabled>
    <partitioning_field/>
    <partitioning_daily>N</partitioning_daily>
    <partitioning_monthly>Y</partitioning_monthly>
    <tablename_in_field>N</tablename_in_field>
    <tablename_field/>
    <tablename_in_table>Y</tablename_in_table>
    <return_keys>N</return_keys>
    <return_field/>
    <fields>
      <field>
        <column_name>flavor</column_name>
        <stream_name>flavor</stream_name>
      </field>
      <field>
        <column_name>container</column_name>
        <stream_name>container</stream_name>
      </field>
    </fields>
    <cluster_schema/>
    <remotesteps>
      <input>
      </input>
      <output>
      </output>
    </remotesteps>
    <GUI>
      <xloc>368</xloc>
      <yloc>160</yloc>
      <draw>Y</draw>
    </GUI>
  </step>
  <step>
    <name>Reconciled.Mapping</name>
    <type>TableInput</type>
    <description/>
    <distribute>Y</distribute>
    <custom_distribution/>
    <copies>1</copies>
    <partitioning>
      <method>none</method>
      <schema_name/>
    </partitioning>
    <connection>ReconciledSchema</connection>
    <sql>SELECT
  EmployeeFirstName
, EmployeeLastName
, ProductDescription
, Unit
, SKU
, Qty
, UnitCost
, UnitPrice
, Manufacturer
, EmployeeNumber
, LoyaltyNumber
, StoreNumber
, DateOfTransaction
, TimeOfTransaction
, DateOfTransactionString
, TimeOfTransactionString
, WeekdayOfTransaction
, MonthOfTransaction
, YearOfTransaction
, WeekdayNameOfTransaction
, MonthNameOfTransaction
, TotalPrice
, ZipCode
FROM mapping
</sql>
    <limit>0</limit>
    <lookup/>
    <execute_each_row>N</execute_each_row>
    <variables_active>N</variables_active>
    <lazy_conversion_active>N</lazy_conversion_active>
    <cluster_schema/>
    <remotesteps>
      <input>
      </input>
      <output>
      </output>
    </remotesteps>
    <GUI>
      <xloc>96</xloc>
      <yloc>48</yloc>
      <draw>Y</draw>
    </GUI>
  </step>
  <step>
    <name>Reconciled.Sale</name>
    <type>TableOutput</type>
    <description/>
    <distribute>Y</distribute>
    <custom_distribution/>
    <copies>1</copies>
    <partitioning>
      <method>none</method>
      <schema_name/>
    </partitioning>
    <connection>ReconciledSchema</connection>
    <schema/>
    <table>sale</table>
    <commit>1000</commit>
    <truncate>N</truncate>
    <ignore_errors>N</ignore_errors>
    <use_batch>Y</use_batch>
    <specify_fields>Y</specify_fields>
    <partitioning_enabled>N</partitioning_enabled>
    <partitioning_field/>
    <partitioning_daily>N</partitioning_daily>
    <partitioning_monthly>Y</partitioning_monthly>
    <tablename_in_field>N</tablename_in_field>
    <tablename_field/>
    <tablename_in_table>Y</tablename_in_table>
    <return_keys>N</return_keys>
    <return_field/>
    <fields>
      <field>
        <column_name>EmployeeFirstName</column_name>
        <stream_name>EmployeeFirstName</stream_name>
      </field>
      <field>
        <column_name>EmployeeLastName</column_name>
        <stream_name>EmployeeLastName</stream_name>
      </field>
      <field>
        <column_name>ProductDescription</column_name>
        <stream_name>ProductDescription</stream_name>
      </field>
      <field>
        <column_name>Unit</column_name>
        <stream_name>Unit</stream_name>
      </field>
      <field>
        <column_name>SKU</column_name>
        <stream_name>SKU</stream_name>
      </field>
      <field>
        <column_name>Qty</column_name>
        <stream_name>Qty</stream_name>
      </field>
      <field>
        <column_name>UnitCost</column_name>
        <stream_name>UnitCost</stream_name>
      </field>
      <field>
        <column_name>UnitPrice</column_name>
        <stream_name>UnitPrice</stream_name>
      </field>
      <field>
        <column_name>Manufacturer</column_name>
        <stream_name>Manufacturer</stream_name>
      </field>
      <field>
        <column_name>EmployeeNumber</column_name>
        <stream_name>EmployeeNumber</stream_name>
      </field>
      <field>
        <column_name>LoyaltyNumber</column_name>
        <stream_name>LoyaltyNumber</stream_name>
      </field>
      <field>
        <column_name>StoreNumber</column_name>
        <stream_name>StoreNumber</stream_name>
      </field>
      <field>
        <column_name>DateOfTransaction</column_name>
        <stream_name>DateOfTransaction</stream_name>
      </field>
      <field>
        <column_name>TimeOfTransaction</column_name>
        <stream_name>TimeOfTransaction</stream_name>
      </field>
      <field>
        <column_name>DateOfTransactionString</column_name>
        <stream_name>DateOfTransactionString</stream_name>
      </field>
      <field>
        <column_name>TimeOfTransactionString</column_name>
        <stream_name>TimeOfTransactionString</stream_name>
      </field>
      <field>
        <column_name>WeekdayOfTransaction</column_name>
        <stream_name>WeekdayOfTransaction</stream_name>
      </field>
      <field>
        <column_name>MonthOfTransaction</column_name>
        <stream_name>MonthOfTransaction</stream_name>
      </field>
      <field>
        <column_name>YearOfTransaction</column_name>
        <stream_name>YearOfTransaction</stream_name>
      </field>
      <field>
        <column_name>WeekdayNameOfTransaction</column_name>
        <stream_name>WeekdayNameOfTransaction</stream_name>
      </field>
      <field>
        <column_name>MonthNameOfTransaction</column_name>
        <stream_name>MonthNameOfTransaction</stream_name>
      </field>
      <field>
        <column_name>TotalPrice</column_name>
        <stream_name>TotalPrice</stream_name>
      </field>
      <field>
        <column_name>ZipCode</column_name>
        <stream_name>ZipCode</stream_name>
      </field>
    </fields>
    <cluster_schema/>
    <remotesteps>
      <input>
      </input>
      <output>
      </output>
    </remotesteps>
    <GUI>
      <xloc>352</xloc>
      <yloc>48</yloc>
      <draw>Y</draw>
    </GUI>
  </step>
  <step>
    <name>Reconciled.Weather</name>
    <type>TableOutput</type>
    <description/>
    <distribute>Y</distribute>
    <custom_distribution/>
    <copies>1</copies>
    <partitioning>
      <method>none</method>
      <schema_name/>
    </partitioning>
    <connection>Reconciled.Weather</connection>
    <schema>Reconciled</schema>
    <table>weather</table>
    <commit>1000</commit>
    <truncate>N</truncate>
    <ignore_errors>N</ignore_errors>
    <use_batch>Y</use_batch>
    <specify_fields>Y</specify_fields>
    <partitioning_enabled>N</partitioning_enabled>
    <partitioning_field/>
    <partitioning_daily>N</partitioning_daily>
    <partitioning_monthly>Y</partitioning_monthly>
    <tablename_in_field>N</tablename_in_field>
    <tablename_field/>
    <tablename_in_table>Y</tablename_in_table>
    <return_keys>N</return_keys>
    <return_field/>
    <fields>
      <field>
        <column_name>DateStamp</column_name>
        <stream_name>DateStamp</stream_name>
      </field>
      <field>
        <column_name>ZipCode</column_name>
        <stream_name>ZipCode</stream_name>
      </field>
      <field>
        <column_name>Temperature</column_name>
        <stream_name>Temperature</stream_name>
      </field>
    </fields>
    <cluster_schema/>
    <remotesteps>
      <input>
      </input>
      <output>
      </output>
    </remotesteps>
    <GUI>
      <xloc>432</xloc>
      <yloc>320</yloc>
      <draw>Y</draw>
    </GUI>
  </step>
  <step>
    <name>Split Weather Text</name>
    <type>FieldSplitter</type>
    <description/>
    <distribute>N</distribute>
    <custom_distribution/>
    <copies>1</copies>
    <partitioning>
      <method>none</method>
      <schema_name/>
    </partitioning>
    <splitfield>weatherText</splitfield>
    <delimiter>,</delimiter>
    <enclosure/>
    <fields>
      <field>
        <name>DateStamp</name>
        <id/>
        <idrem>N</idrem>
        <type>Date</type>
        <format/>
        <group/>
        <decimal/>
        <currency/>
        <length>-1</length>
        <precision>-1</precision>
        <nullif/>
        <ifnull/>
        <trimtype>none</trimtype>
      </field>
      <field>
        <name>ZipCode</name>
        <id/>
        <idrem>N</idrem>
        <type>String</type>
        <format/>
        <group/>
        <decimal/>
        <currency/>
        <length>-1</length>
        <precision>-1</precision>
        <nullif/>
        <ifnull/>
        <trimtype>none</trimtype>
      </field>
      <field>
        <name>Temperature</name>
        <id/>
        <idrem>N</idrem>
        <type>Integer</type>
        <format/>
        <group/>
        <decimal/>
        <currency/>
        <length>-1</length>
        <precision>-1</precision>
        <nullif/>
        <ifnull/>
        <trimtype>none</trimtype>
      </field>
    </fields>
    <cluster_schema/>
    <remotesteps>
      <input>
      </input>
      <output>
      </output>
    </remotesteps>
    <GUI>
      <xloc>240</xloc>
      <yloc>320</yloc>
      <draw>Y</draw>
    </GUI>
  </step>
  <step>
    <name>WeatherMapping</name>
    <type>TableInput</type>
    <description/>
    <distribute>N</distribute>
    <custom_distribution/>
    <copies>1</copies>
    <partitioning>
      <method>none</method>
      <schema_name/>
    </partitioning>
    <connection>Weather</connection>
    <sql>SELECT weatherText from weather.weather </sql>
    <limit>0</limit>
    <lookup/>
    <execute_each_row>N</execute_each_row>
    <variables_active>N</variables_active>
    <lazy_conversion_active>N</lazy_conversion_active>
    <cluster_schema/>
    <remotesteps>
      <input>
      </input>
      <output>
      </output>
    </remotesteps>
    <GUI>
      <xloc>64</xloc>
      <yloc>320</yloc>
      <draw>Y</draw>
    </GUI>
  </step>
  <step>
    <name>hr.employee</name>
    <type>TableInput</type>
    <description/>
    <distribute>Y</distribute>
    <custom_distribution/>
    <copies>1</copies>
    <partitioning>
      <method>none</method>
      <schema_name/>
    </partitioning>
    <connection>hr</connection>
    <sql>SELECT * from HR.employee order by EmployeeNumber</sql>
    <limit>0</limit>
    <lookup/>
    <execute_each_row>N</execute_each_row>
    <variables_active>N</variables_active>
    <lazy_conversion_active>N</lazy_conversion_active>
    <cluster_schema/>
    <remotesteps>
      <input>
      </input>
      <output>
      </output>
    </remotesteps>
    <GUI>
      <xloc>112</xloc>
      <yloc>528</yloc>
      <draw>Y</draw>
    </GUI>
  </step>
  <step>
    <name>storeinspection.storeinspection</name>
    <type>TableInput</type>
    <description/>
    <distribute>Y</distribute>
    <custom_distribution/>
    <copies>1</copies>
    <partitioning>
      <method>none</method>
      <schema_name/>
    </partitioning>
    <connection>storeinspection</connection>
    <sql>SELECT * from storeinspection order by employeenumber</sql>
    <limit>0</limit>
    <lookup/>
    <execute_each_row>N</execute_each_row>
    <variables_active>N</variables_active>
    <lazy_conversion_active>N</lazy_conversion_active>
    <cluster_schema/>
    <remotesteps>
      <input>
      </input>
      <output>
      </output>
    </remotesteps>
    <GUI>
      <xloc>112</xloc>
      <yloc>432</yloc>
      <draw>Y</draw>
    </GUI>
  </step>
  <step>
    <name>Table output</name>
    <type>TableOutput</type>
    <description/>
    <distribute>Y</distribute>
    <custom_distribution/>
    <copies>1</copies>
    <partitioning>
      <method>none</method>
      <schema_name/>
    </partitioning>
    <connection>reconciled.storeinspection</connection>
    <schema/>
    <table>storeinspection</table>
    <commit>1000</commit>
    <truncate>N</truncate>
    <ignore_errors>N</ignore_errors>
    <use_batch>Y</use_batch>
    <specify_fields>Y</specify_fields>
    <partitioning_enabled>N</partitioning_enabled>
    <partitioning_field/>
    <partitioning_daily>N</partitioning_daily>
    <partitioning_monthly>Y</partitioning_monthly>
    <tablename_in_field>N</tablename_in_field>
    <tablename_field/>
    <tablename_in_table>Y</tablename_in_table>
    <return_keys>N</return_keys>
    <return_field/>
    <fields>
      <field>
        <column_name>storeNumber</column_name>
        <stream_name>StoreNumber</stream_name>
      </field>
      <field>
        <column_name>EmployeeLastName</column_name>
        <stream_name>LastName</stream_name>
      </field>
      <field>
        <column_name>EmployeeFirstName</column_name>
        <stream_name>FirstName</stream_name>
      </field>
      <field>
        <column_name>employeeNumber</column_name>
        <stream_name>EmployeeNumber</stream_name>
      </field>
      <field>
        <column_name>inspectiondatetime</column_name>
        <stream_name>InspectionDateTime</stream_name>
      </field>
      <field>
        <column_name>inspectionnotes</column_name>
        <stream_name>InspectionNotes</stream_name>
      </field>
    </fields>
    <cluster_schema/>
    <remotesteps>
      <input>
      </input>
      <output>
      </output>
    </remotesteps>
    <GUI>
      <xloc>496</xloc>
      <yloc>496</yloc>
      <draw>Y</draw>
    </GUI>
  </step>
  <step_error_handling>
  </step_error_handling>
  <slave-step-copy-partition-distribution>
  </slave-step-copy-partition-distribution>
  <slave_transformation>N</slave_transformation>
</transformation>
