<?xml version="1.0" encoding="UTF-8"?>
<class>
   <connectionInformation name = "system">
      <hostname>localhost</hostname>
      <loginname>root</loginname>
      <password>Danger42</password>
      <schema>someSchema</schema>
   </connectionInformation>

   <connectionInformation name = "localhost">
      <hostname>localhost</hostname>
      <loginname>root</loginname>
      <password>Danger42</password>
      <schema>someSchema</schema>
      <dummy>DUMMY</dummy>
   </connectionInformation>

   <connectionInformation name = "DW">
      <hostname>localhost</hostname>
      <loginname>root</loginname>
      <password>Danger42</password>
      <schema>DW</schema>
      <dummy>DUMMY</dummy>
   </connectionInformation>
   
   <connectionInformation name = "reconciled">
      <hostname>localhost</hostname>
      <loginname>root</loginname>
      <password>Danger42</password>
      <schema>DW</schema>
      <dummy>DUMMY</dummy>
   </connectionInformation>

</class>